Trial ID,ct.EndDate,Condition Name
NCT05876754,2025-06-01,cholangiocarcinoma
NCT05153239,2025-06-01,relapsed small cell lung cancer
NCT05210790,2025-06-01,polycythemia vera
NCT06174636,2025-06-01,respiratory failure
NCT06174636,2025-06-01,"respiratory distress syndrome, adult"
NCT04125836,2025-06-01,acromegaly
NCT03994796,2025-06-01,metastatic malignant neoplasm in the brain
NCT03994796,2025-06-01,cdk gene mutation
NCT03994796,2025-06-01,metastatic malignant solid neoplasm
NCT03994796,2025-06-01,ntrk family gene mutation
NCT03994796,2025-06-01,pi3k gene mutation
NCT03994796,2025-06-01,ros1 gene mutation
NCT03994796,2025-06-01,kras g12c mutation
NCT03914820,2025-06-01,colorectal neoplasms
NCT03917173,2025-06-01,stomach neoplasms
NCT05595642,2025-06-01,chronic obstructive pulmonary disease (copd)
NCT05610280,2025-06-01,cardiovascular diseases
NCT05610280,2025-06-01,hypertriglyceridemia
NCT05610280,2025-06-01,atherosclerosis
NCT04591431,2025-06-01,non small cell lung cancer
